[{"ProductCode": "1", "ProductName": "\u8054\u60f3\u5c0f\u65b0Pro AI\u8d85\u80fd\u672c", "Price": 5999.0, "ImageURL": "https://p2.lefile.cn/fes/cms/2023/12/26/yyqwlsbuakk6paqifezs5is2k7gzw6605511.png", "Description": "16\u82f1\u5bf8\u8f7b\u8584\u7b14\u8bb0\u672c\u7535\u8111", "Specifications": "\u82f1\u7279\u5c14\u9177\u777f Ultra 5/Windows 11 \u5bb6\u5ead\u4e2d\u6587\u7248/32GB/1T SSD/\u96c6\u6210\u663e\u5361/16\u82f1\u5bf8/\u9e3d\u5b50\u7070"}, {"ProductCode": "2", "ProductName": "\u8054\u60f3(Lenovo)\u62ef\u6551\u8005R7000", "Price": 6499.0, "ImageURL": "https://p4.lefile.cn/fes/cms/2023/12/28/of3wksh3kmbw8ofcih9rpzbfvh9d0m464859.png", "Description": "15.6\u82f1\u5bf8\u7535\u7ade\u6e38\u620f\u672c\u7b14\u8bb0\u672c\u7535\u8111", "Specifications": "AMD Ryzen 7 7840H/Windows 11 \u5bb6\u5ead\u4e2d\u6587\u7248/16GB(16*1)/512G SSD/ RTX? 4060 8GB\u72ec\u663e/15.6\u82f1\u5bf8"}, {"ProductCode": "3", "ProductName": "\u8054\u60f3\u62ef\u6551\u8005Y7000P 2023", "Price": 6999.0, "ImageURL": "https://p4.lefile.cn/fes/cms/2023/12/28/1ycez842q9ef0p8nl6quy5fa32zh5u267688.png", "Description": "16\u82f1\u5bf8\u6e38\u620f\u7b14\u8bb0\u672c\u7535\u8111", "Specifications": "\u7b2c13\u4ee3\u667a\u80fd\u82f1\u7279\u5c14 \u9177\u777f  i7-13620H/Windows 11 \u5bb6\u5ead\u4e2d\u6587\u7248/16G\uff088*2\uff09/1T SSD/RTX 4050 6G\u72ec\u663e/16\u82f1\u5bf8"}, {"ProductCode": "4", "ProductName": "\u8054\u60f3\u5c0f\u65b016", "Price": 3899.0, "ImageURL": "https://p3.lefile.cn/fes/cms/2023/12/26/1lmrwejq983g018wpfn0to0j64bhcq979557.png", "Description": "16\u82f1\u5bf8\u8f7b\u8584\u7b14\u8bb0\u672c\u7535\u8111", "Specifications": "\u7b2c12\u4ee3\u667a\u80fd\u82f1\u7279\u5c14   \u9177\u777f i5-12450H/Windows 11 \u5bb6\u5ead\u4e2d\u6587\u7248/16GB/512G SSD/\u96c6\u6210\u663e\u5361/16.0\u82f1\u5bf8"}, {"ProductCode": "5", "ProductName": "ThinkPad X1 Carbon 2023", "Price": 16499.0, "ImageURL": "https://p1.lefile.cn/fes/cms/2023/12/27/fmo1bqbewg4k69g3z9fluazt5hpxa4302327.png", "Description": "\u82f1\u7279\u5c14Evo\u5e73\u53f0\u8ba4\u8bc1\u9177\u777fi7\u7b14\u8bb0\u672c", "Specifications": "\u9177\u777fi7-1360P/Windows 11 \u4e13\u4e1a\u7248/32GB LPDDR5/2TB SSD/\u9510\u949cXe\u663e\u5361/14\u82f1\u5bf82.8K \u5e7f\u89c6\u89d2OLED\u80cc\u5149\u663e\u793a\u5c4f 60Hz\u5237\u65b0\u7387 400nit\uff08A\u9762\u7f16\u7ec7\u7eb9\u7406\uff09/FHD+IR \u7ea2\u5916\u6444\u50cf\u5934/WiFi 6E/\u5185\u7f6eSIM\u5361(12\u4e2a\u6708*15G/\u6708\u6d41\u91cf)"}, {"ProductCode": "6", "ProductName": "\u8054\u60f3 \u62ef\u6551\u8005Y9000P 2023", "Price": 10898.0, "ImageURL": "https://p2.lefile.cn/fes/cms/2023/12/28/8xbgj6smzh0zd8ocepv588bx6zbrj3549664.png", "Description": "16\u82f1\u5bf8\u7535\u7ade\u6e38\u620f\u7b14\u8bb0\u672c\u7535\u8111", "Specifications": "\u7b2c13\u4ee3\u667a\u80fd\u82f1\u7279\u5c14 \u9177\u777f i9-13900HX/Windows 11 \u5bb6\u5ead\u4e2d\u6587\u7248/32G/2T(1T+1T) SSD/RTX? 4060 8G\u72ec\u663e/16\u82f1\u5bf8"}, {"ProductCode": "7", "ProductName": "ThinkBook 14 2023", "Price": 3999.0, "ImageURL": "https://p1.lefile.cn/fes/cms/2023/12/27/c9fc7kct9kxydhzowh37grvw6fwn6h094777.png", "Description": "\u9510\u667a\u7cfb\u521b\u9020\u672c 23CD", "Specifications": "AMD\u9510\u9f995 7530U/Windows 11 \u5bb6\u5ead\u4e2d\u6587\u7248/16GB/1TB SSD/\u6838\u5fc3\u663e\u5361\uff08Radeon Graphics\uff09/14\u82f1\u5bf82.2K \u5e7f\u89c6\u89d2\u6280\u672f LED\u80cc\u5149\u663e\u793a\u5c4f 60Hz\u5237\u65b0\u7387 100% sRGB"}, {"ProductCode": "8", "ProductName": "\u8054\u60f3(Lenovo)\u62ef\u6551\u8005R9000P", "Price": 8499.0, "ImageURL": "https://p2.lefile.cn/fes/cms/2024/01/04/55m54oltfbhse1o6ivblsgwvzxr35b565912.png", "Description": "16\u82f1\u5bf8\u7535\u7ade\u6e38\u620f\u672c\u7b14\u8bb0\u672c\u7535\u8111", "Specifications": "AMD Ryzen 9 7945HX/Windows 11 \u5bb6\u5ead\u4e2d\u6587\u7248/16GB\uff088*2\uff09/1T SSD/ RTX\u2122 4060 8GB\u72ec\u663e/16\u82f1\u5bf8/\u78b3\u6676\u7070"}, {"ProductCode": "9", "ProductName": "ThinkPad X1 Carbon AI 2024", "Price": 16999.0, "ImageURL": "https://p3.lefile.cn/fes/cms/2024/01/06/hhouv62w33z63jrr1eapxraspj5ou8628796.png", "Description": "\u82f1\u7279\u5c14\u9177\u777f Ultra7\u5168\u4e92\u8054\u65d7\u8230\u672c01CD", "Specifications": "\u5168\u65b0\u82f1\u7279\u5c14\u9177\u777f Ultra7-155H/Windows 11 \u5bb6\u5ead\u4e2d\u6587\u7248/32GB/2TB PCIe-NVMe \u56fa\u6001\u786c\u76d8GP4/\u82f1\u7279\u5c14Arc\u6838\u663e/14\u82f1\u5bf82.8K \u5e7f\u89c6\u89d2OLED\u80cc\u5149\u663e\u793a\u5c4f 120Hz\u5237\u65b0\u7387 400nit/FHD+IR \u7ea2\u5916\u6444\u50cf\u5934/\u5185\u7f6eSIM\u5361(12\u4e2a\u6708*15G/\u6708\u6d41\u91cf)/\u6c89\u6d78\u9ed1"}, {"ProductCode": "10", "ProductName": "ThinkPad X13 2023", "Price": 8999.0, "ImageURL": "https://p3.lefile.cn/fes/cms/2024/01/06/rh0i8lblln77dsaigc0oji48smqwfj511330.png", "Description": "\u82f1\u7279\u5c14Evo\u5e73\u53f0\u8ba4\u8bc1\u9177\u777fi7 \u5168\u4e92\u8054\u4fbf\u643a\u5546\u65c5\u672c", "Specifications": "\u82f1\u7279\u5c14Evo\u5e73\u53f0\u8ba4\u8bc1\u9177\u777fi7-1360P vPro/Windows 11 \u5bb6\u5ead\u4e2d\u6587\u7248/16GB LPDDR5/512GB SSD/\u9510\u70acXe\u663e\u5361/13.3\u82f1\u5bf8WUXGA LED\u80cc\u5149\u663e\u793a\u5c4f 300nit 100% sRGB\r\n"}, {"ProductCode": "11", "ProductName": "ThinkBook 14 2023 \u82f1\u7279\u5c14\u9177\u777fi5", "Price": 4499.0, "ImageURL": "https://p4.lefile.cn/fes/cms/2024/01/06/ey4iemq3xvvnepc5zntnfdyueura5b778542.png", "Description": "\u9510\u667a\u7cfb\u521b\u9020\u672c 6LCD", "Specifications": "\u7b2c13\u4ee3\u667a\u80fd\u82f1\u7279\u5c14\u9177\u777fi5-13500H/Windows 11 \u5bb6\u5ead\u4e2d\u6587\u7248/16GB/1TB SSD/\u6838\u5fc3\u663e\u5361\uff08Intel Iris Xe\uff09/14\u82f1\u5bf82.2K \u5e7f\u89c6\u89d2\u6280\u672f LED\u80cc\u5149\u663e\u793a\u5c4f 60Hz\u5237\u65b0\u7387 100% sRGB/\u94f6\u7070\u8272"}, {"ProductCode": "12", "ProductName": "ThinkBook 16+ 2023", "Price": 5299.0, "ImageURL": "https://p3.lefile.cn/fes/cms/2024/01/06/0ktuii2hgr8z5arb11n0iwo8a9v5s6385814.png", "Description": "\u82f1\u7279\u5c14Evo\u5e73\u53f0\u8ba4\u8bc1\u9177\u777fi5 \u9510\u667a\u7cfb\u521b\u9020\u672c 0LCD", "Specifications": "\u82f1\u7279\u5c14Evo\u5e73\u53f0\u8ba4\u8bc1\u9177\u777fi5-13500H/Windows 11 \u5bb6\u5ead\u4e2d\u6587\u7248/16GB LPDDR5/1TB SSD/\u6838\u5fc3\u663e\u5361\uff08Intel Iris Xe\uff09/16\u82f1\u5bf82.5K IPS LED\u80cc\u5149\u663e\u793a\u5c4f 60Hz\u5237\u65b0\u7387\uff0c350\u5c3c\u7279\uff08100% sRGB\uff09/\u82cd\u5ca9\u7070"}, {"ProductCode": "13", "ProductName": "ThinkBook 16p", "Price": 10999.0, "ImageURL": "https://p2.lefile.cn/fes/cms/2024/01/06/e8r8vyz3roup2lsas3f9v9ru7a13wx826227.png", "Description": "\u82f1\u7279\u5c14\u9177\u777fi9 \u786c\u6838\u521b\u60f3\u672c 0UCD", "Specifications": "\u7b2c13\u4ee3\u667a\u80fd\u82f1\u7279\u5c14\u9177\u777fi9-13900H/Windows 11 \u5bb6\u5ead\u4e2d\u6587\u7248/32GB/1TB SSD/NVIDIA GeForce RTX4060/16\u82f1\u5bf83.2K IPS LCD\u663e\u793a\u5c4f 165Hz\u5237\u65b0\u7387 430\u5c3c\u7279\uff08100% DCI-P3\uff09/\u98ce\u66b4\u7070"}, {"ProductCode": "14", "ProductName": "\u8054\u60f3(Lenovo)\u62ef\u6551\u8005Y9000X 2022", "Price": 11299.0, "ImageURL": "https://p1.lefile.cn/product/adminweb/2022/06/29/XPJe0WO0f4NjqrVeDn6kH0IcT-2060.jpg", "Description": "16\u82f1\u5bf8\u6e38\u620f\u7b14\u8bb0\u672c\u7535\u8111 \u949b\u6676\u7070", "Specifications": "\u7b2c12\u4ee3\u667a\u80fd\u82f1\u7279\u5c14\u00ae\u9177\u777f\u2122 i7-12700H/Windows11\u5bb6\u5ead\u4e2d\u6587\u7248/16G/512G SSD/GeForce RTX\u2122 3070 8G\u72ec\u663e/16\u82f1\u5bf82.5K 165Hz\u5237\u65b0\u7387 500\u5c3c\u7279 100% sRGB/\u949b\u6676\u7070"}, {"ProductCode": "15", "ProductName": "\u8054\u60f3(Lenovo)\u62ef\u6551\u8005R9000X", "Price": 11999.0, "ImageURL": "https://p3.lefile.cn/product/adminweb/2023/07/28/d5zYrPcDBDos2yscANfVQ4Zs8-5403.jpg", "Description": "16\u82f1\u5bf8\u7535\u7ade\u6e38\u620f\u672c\u7b14\u8bb0\u672c\u7535\u8111 \u949b\u6676\u7070", "Specifications": "AMD Ryzen 7 7840H/Windows 11 \u5bb6\u5ead\u4e2d\u6587\u7248/16GB/1T SSD/ RTX\u2122 4060 8GB\u72ec\u663e/16\u82f1\u5bf83.2k 165Hz\u5237\u65b0\u7387 430\u5c3c\u7279 100%P3\u5e7f\u8272\u57df/\u949b\u6676\u7070"}, {"ProductCode": "16", "ProductName": "\u8054\u60f3(Lenovo)\u62ef\u6551\u8005R7000P 2022", "Price": 6299.0, "ImageURL": "https://p3.lefile.cn/product/adminweb/2024/01/05/XKbHbTa3blZj4sRIFmM1DoytV-8969.jpg", "Description": "15.6\u82f1\u5bf8\u6e38\u620f\u7b14\u8bb0\u672c\u7535\u8111 \u949b\u6676\u7070", "Specifications": "AMD Ryzen 7 6800H/Windows 11 \u5bb6\u5ead\u4e2d\u6587\u7248/16GB/512G SSD/ RTX\u2122 3050 4GB\u72ec\u663e/15.6\u82f1\u5bf82.5K 165Hz\u5237\u65b0\u7387 300\u5c3c\u7279 100% sRGB/\u949b\u6676\u7070"}, {"ProductCode": "17", "ProductName": "\u8054\u60f3 \u62ef\u6551\u8005Y7000P 2022", "Price": 6999.0, "ImageURL": "https://p4.lefile.cn/product/adminweb/2022/02/27/xh6iVzls6XRQETWxruh63ULuA-9111.jpg", "Description": "\u82f1\u7279\u5c14\u9177\u777fi5 15.6\u82f1\u5bf8\u7b14\u8bb0\u672c \u949b\u6676\u7070", "Specifications": "\u7b2c12\u4ee3\u82f1\u7279\u5c14\u00ae\u9177\u777f\u2122i5-12500H/Windows 11 \u5bb6\u5ead\u4e2d\u6587\u7248/16G/512G SSD/ GeForce RTX\u2122  3050 4G\u72ec\u663e/15.6\u82f1\u5bf82.5K 165Hz\u5237\u65b0\u7387 300\u5c3c\u7279 100%sRGB/\u949b\u6676\u7070"}, {"ProductCode": "18", "ProductName": "\u8054\u60f3(Lenovo)\u62ef\u6551\u8005Y9000P 2022", "Price": 10499.0, "ImageURL": "https://p2.lefile.cn/product/adminweb/2022/09/18/LCYAqSp36KNMSjY4tq1knvhzP-6837.jpg", "Description": "16\u82f1\u5bf8\u6e38\u620f\u7b14\u8bb0\u672c\u7535\u8111 \u949b\u6676\u7070", "Specifications": "\u7b2c12\u4ee3\u82f1\u7279\u5c14\u9177\u777f i9-12900H/Windows 11 \u5bb6\u5ead\u4e2d\u6587\u7248/16G/512G SSD/RTX\u2122 3070 8G\u72ec\u663e/16\u82f1\u5bf82.5K 165Hz\u5237\u65b0\u7387 500\u5c3c\u7279 100%sRGB/\u949b\u6676\u7070"}, {"ProductCode": "19", "ProductName": "\u8054\u60f3(Lenovo)\u62ef\u6551\u8005R9000P 2022", "Price": 7999.0, "ImageURL": "https://p4.lefile.cn/product/adminweb/2023/02/14/xTJ1nlMNBwbFmTB3hdvQoN2Q5-4841.jpg", "Description": "16\u82f1\u5bf8\u6e38\u620f\u7b14\u8bb0\u672c\u7535\u8111 \u949b\u6676\u7070", "Specifications": "AMD Ryzen 7 6800H/Windows11\u5bb6\u5ead\u4e2d\u6587\u7248/16GB/512G SSD/RTX3060 6GB\u72ec\u663e/16\u82f1\u5bf82.5K 165Hz 500\u5c3c\u7279 100%sRGB/\u949b\u6676\u7070"}, {"ProductCode": "20", "ProductName": "\u8054\u60f3\u5c0f\u65b0Pro16\u8d85\u80fd\u672c2023", "Price": 5199.0, "ImageURL": "https://p4.lefile.cn/product/adminweb/2024/01/05/p0VQGZ04JuOGlkRWN5n0YbgEA-2549.jpg", "Description": "16\u82f1\u5bf8\u8f7b\u8584\u7b14\u8bb0\u672c\u7535\u8111", "Specifications": "\u7b2c13\u4ee3\u667a\u80fd\u82f1\u7279\u5c14\u00ae \u9177\u777f\u2122 i5-13500H/Windows 11 \u5bb6\u5ead\u4e2d\u6587\u7248/16GB/1T SSD/\u96c6\u6210\u663e\u5361/16\u82f1\u5bf82.5K 120Hz\u5237\u65b0\u7387 350\u5c3c\u7279 100%sRGB/\u9e3d\u5b50\u7070"}]